lhs,rhs,support,confidence,lift,antecedents_str,consequents_str
frozenset({'Apple'}),frozenset({'Bacon'}),0.1875,0.4627659574468085,1.0736170212765959,Apple,Bacon
frozenset({'Apple'}),frozenset({'Banana'}),0.21982758620689655,0.5425531914893617,1.2103109656301145,Apple,Banana
frozenset({'Apple'}),frozenset({'Bread'}),0.17456896551724138,0.4308510638297872,1.0577507598784193,Apple,Bread
frozenset({'Apple'}),frozenset({'Butter'}),0.17672413793103448,0.43617021276595747,1.1631205673758866,Apple,Butter
frozenset({'Apple'}),frozenset({'Carrot'}),0.1896551724137931,0.46808510638297873,1.1312056737588654,Apple,Carrot
frozenset({'Apple'}),frozenset({'Cheese'}),0.18318965517241378,0.4521276595744681,1.01838463127453,Apple,Cheese
frozenset({'Apple'}),frozenset({'Cucumber'}),0.15732758620689655,0.3882978723404255,1.0179108065873301,Apple,Cucumber
frozenset({'Apple'}),frozenset({'Egg'}),0.1961206896551724,0.48404255319148937,1.2010467629992037,Apple,Egg
frozenset({'Apple'}),frozenset({'Flour'}),0.16810344827586207,0.4148936170212766,1.075478426245097,Apple,Flour
frozenset({'Apple'}),frozenset({'Hazelnut'}),0.17025862068965517,0.42021276595744683,0.9998908892525914,Apple,Hazelnut
frozenset({'Apple'}),frozenset({'HeavyCream'}),0.19827586206896552,0.48936170212765956,1.176496527394995,Apple,HeavyCream
frozenset({'Apple'}),frozenset({'Honey'}),0.1875,0.4627659574468085,1.1125564987322236,Apple,Honey
frozenset({'Apple'}),frozenset({'Meat'}),0.19181034482758622,0.4734042553191489,1.2203309692671394,Apple,Meat
frozenset({'Apple'}),frozenset({'Milk'}),0.16163793103448276,0.39893617021276595,1.0761999010390895,Apple,Milk
frozenset({'Apple'}),frozenset({'Olive'}),0.1875,0.4627659574468085,1.2131265777136673,Apple,Olive
frozenset({'Apple'}),frozenset({'Onion'}),0.18318965517241378,0.4521276595744681,1.191972920696325,Apple,Onion
frozenset({'Apple'}),frozenset({'Salt'}),0.1810344827586207,0.44680851063829785,1.1206440483036226,Apple,Salt
frozenset({'Apple'}),frozenset({'Shampoo'}),0.1724137931034483,0.425531914893617,1.1614518147684607,Apple,Shampoo
frozenset({'Apple'}),frozenset({'ShavingFoam'}),0.18318965517241378,0.4521276595744681,1.1158895427795383,Apple,ShavingFoam
frozenset({'Apple'}),frozenset({'Sugar'}),0.16163793103448276,0.39893617021276595,1.0888610763454318,Apple,Sugar
frozenset({'Apple'}),frozenset({'Toothpaste'}),0.1810344827586207,0.44680851063829785,1.1647143198661247,Apple,Toothpaste
frozenset({'Bacon'}),frozenset({'Banana'}),0.2413793103448276,0.56,1.2492307692307694,Bacon,Banana
frozenset({'Bacon'}),frozenset({'Bread'}),0.2025862068965517,0.47,1.1538624338624337,Bacon,Bread
frozenset({'Bacon'}),frozenset({'Butter'}),0.20689655172413793,0.48,1.28,Bacon,Butter
frozenset({'Bacon'}),frozenset({'Carrot'}),0.19827586206896552,0.46,1.1116666666666668,Bacon,Carrot
frozenset({'Bacon'}),frozenset({'Cheese'}),0.22413793103448276,0.52,1.17126213592233,Bacon,Cheese
frozenset({'Bacon'}),frozenset({'Cucumber'}),0.18318965517241378,0.425,1.1141242937853106,Bacon,Cucumber
frozenset({'Bacon'}),frozenset({'Egg'}),0.2025862068965517,0.47,1.1662032085561498,Bacon,Egg
frozenset({'Bacon'}),frozenset({'Flour'}),0.16594827586206898,0.385,0.9979888268156425,Bacon,Flour
frozenset({'Bacon'}),frozenset({'Hazelnut'}),0.22198275862068967,0.515,1.2254358974358974,Bacon,Hazelnut
frozenset({'Bacon'}),frozenset({'HeavyCream'}),0.20043103448275862,0.465,1.1179274611398964,Bacon,HeavyCream
frozenset({'Bacon'}),frozenset({'Honey'}),0.2025862068965517,0.47,1.1299481865284975,Bacon,Honey
frozenset({'Bacon'}),frozenset({'Meat'}),0.21551724137931033,0.5,1.288888888888889,Bacon,Meat
frozenset({'Bacon'}),frozenset({'Milk'}),0.1875,0.435,1.1734883720930231,Bacon,Milk
frozenset({'Bacon'}),frozenset({'Olive'}),0.1788793103448276,0.415,1.0879096045197738,Bacon,Olive
frozenset({'Bacon'}),frozenset({'Onion'}),0.1875,0.435,1.146818181818182,Bacon,Onion
frozenset({'Bacon'}),frozenset({'Salt'}),0.16810344827586207,0.39,0.9781621621621622,Bacon,Salt
frozenset({'Bacon'}),frozenset({'Shampoo'}),0.16594827586206898,0.385,1.0508235294117647,Bacon,Shampoo
frozenset({'Bacon'}),frozenset({'ShavingFoam'}),0.21551724137931033,0.5,1.2340425531914894,Bacon,ShavingFoam
frozenset({'Bacon'}),frozenset({'Sugar'}),0.1875,0.435,1.1872941176470588,Bacon,Sugar
frozenset({'Bacon'}),frozenset({'Toothpaste'}),0.17456896551724138,0.405,1.0557303370786517,Bacon,Toothpaste
frozenset({'Banana'}),frozenset({'Bread'}),0.21120689655172414,0.47115384615384615,1.1566951566951567,Banana,Bread
frozenset({'Banana'}),frozenset({'Butter'}),0.1788793103448276,0.39903846153846156,1.064102564102564,Banana,Butter
frozenset({'Banana'}),frozenset({'Carrot'}),0.21982758620689655,0.49038461538461536,1.1850961538461537,Banana,Carrot
frozenset({'Banana'}),frozenset({'Cheese'}),0.22413793103448276,0.5,1.1262135922330097,Banana,Cheese
frozenset({'Banana'}),frozenset({'Cucumber'}),0.1961206896551724,0.4375,1.1468926553672316,Banana,Cucumber
frozenset({'Banana'}),frozenset({'Egg'}),0.21336206896551724,0.47596153846153844,1.1809954751131222,Banana,Egg
frozenset({'Banana'}),frozenset({'Flour'}),0.1853448275862069,0.41346153846153844,1.0717662226042113,Banana,Flour
frozenset({'Banana'}),frozenset({'Hazelnut'}),0.22198275862068967,0.4951923076923077,1.1783037475345168,Banana,Hazelnut
frozenset({'Banana'}),frozenset({'HeavyCream'}),0.1961206896551724,0.4375,1.0518134715025906,Banana,HeavyCream
frozenset({'Banana'}),frozenset({'Honey'}),0.21336206896551724,0.47596153846153844,1.1442805898764448,Banana,Honey
frozenset({'Banana'}),frozenset({'Meat'}),0.19181034482758622,0.42788461538461536,1.1029914529914528,Banana,Meat
frozenset({'Banana'}),frozenset({'Milk'}),0.1810344827586207,0.40384615384615385,1.0894454382826475,Banana,Milk
frozenset({'Banana'}),frozenset({'Olive'}),0.20474137931034483,0.4567307692307692,1.1973055193394175,Banana,Olive
frozenset({'Banana'}),frozenset({'Onion'}),0.20905172413793102,0.46634615384615385,1.229458041958042,Banana,Onion
frozenset({'Banana'}),frozenset({'Salt'}),0.1939655172413793,0.4326923076923077,1.0852390852390852,Banana,Salt
frozenset({'Banana'}),frozenset({'Shampoo'}),0.1788793103448276,0.39903846153846156,1.0891402714932128,Banana,Shampoo
frozenset({'Banana'}),frozenset({'ShavingFoam'}),0.21982758620689655,0.49038461538461536,1.2103109656301145,Banana,ShavingFoam
frozenset({'Banana'}),frozenset({'Sugar'}),0.17672413793103448,0.3942307692307692,1.0760180995475113,Banana,Sugar
frozenset({'Banana'}),frozenset({'Toothpaste'}),0.2025862068965517,0.4519230769230769,1.1780466724286949,Banana,Toothpaste
frozenset({'Bread'}),frozenset({'Butter'}),0.1961206896551724,0.48148148148148145,1.2839506172839505,Bread,Butter
frozenset({'Bread'}),frozenset({'Carrot'}),0.1939655172413793,0.47619047619047616,1.1507936507936507,Bread,Carrot
frozenset({'Bread'}),frozenset({'Cheese'}),0.21551724137931033,0.5291005291005291,1.1917604150613859,Bread,Cheese
frozenset({'Bread'}),frozenset({'Cucumber'}),0.16379310344827586,0.4021164021164021,1.0541356530057093,Bread,Cucumber
frozenset({'Bread'}),frozenset({'Egg'}),0.1853448275862069,0.455026455026455,1.129049599637835,Bread,Egg
frozenset({'Bread'}),frozenset({'Flour'}),0.1724137931034483,0.42328042328042326,1.097218527386125,Bread,Flour
frozenset({'Bread'}),frozenset({'Hazelnut'}),0.1875,0.4603174603174603,1.0953194953194951,Bread,Hazelnut
frozenset({'Bread'}),frozenset({'HeavyCream'}),0.1875,0.4603174603174603,1.106669956410889,Bread,HeavyCream
frozenset({'Bread'}),frozenset({'Honey'}),0.20043103448275862,0.49206349206349204,1.1829920223702608,Bread,Honey
frozenset({'Bread'}),frozenset({'Meat'}),0.17025862068965517,0.41798941798941797,1.0774838330393885,Bread,Meat
frozenset({'Bread'}),frozenset({'Milk'}),0.17672413793103448,0.43386243386243384,1.1704195890242401,Bread,Milk
frozenset({'Bread'}),frozenset({'Olive'}),0.17025862068965517,0.41798941798941797,1.0957462708875136,Bread,Olive
frozenset({'Bread'}),frozenset({'Onion'}),0.16594827586206898,0.4074074074074074,1.074074074074074,Bread,Onion
frozenset({'Bread'}),frozenset({'Salt'}),0.20689655172413793,0.5079365079365079,1.273959673959674,Bread,Salt
frozenset({'Bread'}),frozenset({'Shampoo'}),0.1724137931034483,0.42328042328042326,1.155306567071273,Bread,Shampoo
frozenset({'Bread'}),frozenset({'ShavingFoam'}),0.1853448275862069,0.455026455026455,1.123044016661038,Bread,ShavingFoam
frozenset({'Bread'}),frozenset({'Sugar'}),0.17456896551724138,0.42857142857142855,1.169747899159664,Bread,Sugar
frozenset({'Bread'}),frozenset({'Toothpaste'}),0.17456896551724138,0.42857142857142855,1.117174959871589,Bread,Toothpaste
frozenset({'Butter'}),frozenset({'Carrot'}),0.16163793103448276,0.43103448275862066,1.0416666666666665,Butter,Carrot
frozenset({'Butter'}),frozenset({'Cheese'}),0.21551724137931033,0.5747126436781609,1.2944983818770226,Butter,Cheese
frozenset({'Butter'}),frozenset({'Cucumber'}),0.15732758620689655,0.41954022988505746,1.0998116760828625,Butter,Cucumber
frozenset({'Butter'}),frozenset({'Egg'}),0.16163793103448276,0.43103448275862066,1.0695187165775402,Butter,Egg
frozenset({'Butter'}),frozenset({'Flour'}),0.16594827586206898,0.4425287356321839,1.1471135940409685,Butter,Flour
frozenset({'Butter'}),frozenset({'Hazelnut'}),0.19827586206896552,0.5287356321839081,1.258119658119658,Butter,Hazelnut
frozenset({'Butter'}),frozenset({'HeavyCream'}),0.1724137931034483,0.45977011494252873,1.1053540587219344,Butter,HeavyCream
frozenset({'Butter'}),frozenset({'Honey'}),0.1853448275862069,0.4942528735632184,1.1882556131260795,Butter,Honey
frozenset({'Butter'}),frozenset({'Meat'}),0.16379310344827586,0.4367816091954023,1.125925925925926,Butter,Meat
frozenset({'Butter'}),frozenset({'Milk'}),0.14655172413793102,0.39080459770114945,1.054263565891473,Butter,Milk
frozenset({'Butter'}),frozenset({'Olive'}),0.15948275862068967,0.42528735632183906,1.1148775894538605,Butter,Olive
frozenset({'Butter'}),frozenset({'Onion'}),0.1788793103448276,0.47701149425287354,1.2575757575757576,Butter,Onion
frozenset({'Butter'}),frozenset({'Salt'}),0.1724137931034483,0.45977011494252873,1.1531531531531531,Butter,Salt
frozenset({'Butter'}),frozenset({'Shampoo'}),0.16810344827586207,0.4482758620689655,1.223529411764706,Butter,Shampoo
frozenset({'Butter'}),frozenset({'ShavingFoam'}),0.1896551724137931,0.5057471264367817,1.2482269503546102,Butter,ShavingFoam
frozenset({'Butter'}),frozenset({'Sugar'}),0.15301724137931033,0.40804597701149425,1.1137254901960785,Butter,Sugar
frozenset({'Butter'}),frozenset({'Toothpaste'}),0.1810344827586207,0.4827586206896552,1.2584269662921348,Butter,Toothpaste
frozenset({'Carrot'}),frozenset({'Cheese'}),0.21767241379310345,0.5260416666666666,1.1848705501618122,Carrot,Cheese
frozenset({'Carrot'}),frozenset({'Cucumber'}),0.17456896551724138,0.421875,1.1059322033898304,Carrot,Cucumber
frozenset({'Carrot'}),frozenset({'Egg'}),0.2025862068965517,0.4895833333333333,1.214795008912656,Carrot,Egg
frozenset({'Carrot'}),frozenset({'Flour'}),0.17456896551724138,0.421875,1.0935754189944134,Carrot,Flour
frozenset({'Carrot'}),frozenset({'Hazelnut'}),0.18318965517241378,0.4427083333333333,1.0534188034188032,Carrot,Hazelnut
frozenset({'Carrot'}),frozenset({'HeavyCream'}),0.19827586206896552,0.4791666666666667,1.1519861830742661,Carrot,HeavyCream
frozenset({'Carrot'}),frozenset({'Honey'}),0.20474137931034483,0.4947916666666667,1.1895509499136443,Carrot,Honey
frozenset({'Carrot'}),frozenset({'Meat'}),0.16810344827586207,0.40625,1.0472222222222223,Carrot,Meat
frozenset({'Carrot'}),frozenset({'Milk'}),0.1724137931034483,0.4166666666666667,1.124031007751938,Carrot,Milk
frozenset({'Carrot'}),frozenset({'Olive'}),0.1853448275862069,0.4479166666666667,1.1741996233521657,Carrot,Olive
frozenset({'Carrot'}),frozenset({'Onion'}),0.18318965517241378,0.4427083333333333,1.1671401515151516,Carrot,Onion
frozenset({'Carrot'}),frozenset({'Salt'}),0.1853448275862069,0.4479166666666667,1.1234234234234235,Carrot,Salt
frozenset({'Carrot'}),frozenset({'Shampoo'}),0.16810344827586207,0.40625,1.1088235294117648,Carrot,Shampoo
frozenset({'Carrot'}),frozenset({'ShavingFoam'}),0.1853448275862069,0.4479166666666667,1.1054964539007093,Carrot,ShavingFoam
frozenset({'Carrot'}),frozenset({'Sugar'}),0.15732758620689655,0.3802083333333333,1.0377450980392158,Carrot,Sugar
frozenset({'Carrot'}),frozenset({'Toothpaste'}),0.20474137931034483,0.4947916666666667,1.2897940074906367,Carrot,Toothpaste
frozenset({'Cheese'}),frozenset({'Cucumber'}),0.19181034482758622,0.4320388349514563,1.1325763808896931,Cheese,Cucumber
frozenset({'Cheese'}),frozenset({'Egg'}),0.22198275862068967,0.5,1.2406417112299466,Cheese,Egg
frozenset({'Cheese'}),frozenset({'Flour'}),0.1896551724137931,0.42718446601941745,1.1073385040950263,Cheese,Flour
frozenset({'Cheese'}),frozenset({'Hazelnut'}),0.20689655172413793,0.46601941747572817,1.1088872292755787,Cheese,Hazelnut
frozenset({'Cheese'}),frozenset({'HeavyCream'}),0.20043103448275862,0.45145631067961167,1.0853664671261132,Cheese,HeavyCream
frozenset({'Cheese'}),frozenset({'Honey'}),0.21767241379310345,0.49029126213592233,1.1787313245133055,Cheese,Honey
frozenset({'Cheese'}),frozenset({'Meat'}),0.20474137931034483,0.46116504854368934,1.1887810140237325,Cheese,Meat
frozenset({'Cheese'}),frozenset({'Milk'}),0.1788793103448276,0.4029126213592233,1.0869270715737185,Cheese,Milk
frozenset({'Cheese'}),frozenset({'Olive'}),0.17025862068965517,0.38349514563106796,1.00532060775602,Cheese,Olive
frozenset({'Cheese'}),frozenset({'Onion'}),0.19181034482758622,0.4320388349514563,1.1390114739629302,Cheese,Onion
frozenset({'Cheese'}),frozenset({'Salt'}),0.20043103448275862,0.45145631067961167,1.1323012332721072,Cheese,Salt
frozenset({'Cheese'}),frozenset({'Shampoo'}),0.1875,0.4223300970873786,1.1527127355796687,Cheese,Shampoo
frozenset({'Cheese'}),frozenset({'ShavingFoam'}),0.21336206896551724,0.48058252427184467,1.1861185705432762,Cheese,ShavingFoam
frozenset({'Cheese'}),frozenset({'Sugar'}),0.1875,0.4223300970873786,1.1527127355796687,Cheese,Sugar
frozenset({'Cheese'}),frozenset({'Toothpaste'}),0.19827586206896552,0.44660194174757284,1.1641758481509763,Cheese,Toothpaste
frozenset({'Cucumber'}),frozenset({'Egg'}),0.1853448275862069,0.4858757062146893,1.2055953352065019,Cucumber,Egg
frozenset({'Cucumber'}),frozenset({'Flour'}),0.16810344827586207,0.4406779661016949,1.142316068554114,Cucumber,Flour
frozenset({'Cucumber'}),frozenset({'Hazelnut'}),0.1896551724137931,0.4971751412429379,1.1830218745472982,Cucumber,Hazelnut
frozenset({'Cucumber'}),frozenset({'HeavyCream'}),0.17456896551724138,0.4576271186440678,1.1002019847194169,Cucumber,HeavyCream
frozenset({'Cucumber'}),frozenset({'Honey'}),0.16594827586206898,0.4350282485875706,1.0458710225110506,Cucumber,Honey
frozenset({'Cucumber'}),frozenset({'Meat'}),0.16594827586206898,0.4350282485875706,1.1214061519146266,Cucumber,Meat
frozenset({'Cucumber'}),frozenset({'Milk'}),0.15517241379310345,0.4067796610169492,1.0973590855340953,Cucumber,Milk
frozenset({'Cucumber'}),frozenset({'Olive'}),0.1724137931034483,0.4519774011299435,1.1848447125666315,Cucumber,Olive
frozenset({'Cucumber'}),frozenset({'Onion'}),0.1788793103448276,0.4689265536723164,1.236260914227016,Cucumber,Onion
frozenset({'Cucumber'}),frozenset({'Salt'}),0.18318965517241378,0.480225988700565,1.2044586959841197,Cucumber,Salt
frozenset({'Cucumber'}),frozenset({'Shampoo'}),0.15301724137931033,0.4011299435028249,1.0948487869724162,Cucumber,Shampoo
frozenset({'Cucumber'}),frozenset({'ShavingFoam'}),0.1788793103448276,0.4689265536723164,1.1573506431061427,Cucumber,ShavingFoam
frozenset({'Cucumber'}),frozenset({'Sugar'}),0.16379310344827586,0.4293785310734463,1.1719508142239947,Cucumber,Sugar
frozenset({'Cucumber'}),frozenset({'Toothpaste'}),0.1724137931034483,0.4519774011299435,1.178188281597156,Cucumber,Toothpaste
frozenset({'Egg'}),frozenset({'Flour'}),0.1810344827586207,0.44919786096256686,1.16440115914319,Egg,Flour
frozenset({'Egg'}),frozenset({'Hazelnut'}),0.1961206896551724,0.48663101604278075,1.1579322638146168,Egg,Hazelnut
frozenset({'Egg'}),frozenset({'HeavyCream'}),0.16810344827586207,0.41711229946524064,1.0027984816159154,Egg,HeavyCream
frozenset({'Egg'}),frozenset({'Honey'}),0.20905172413793102,0.5187165775401069,1.2470699066249202,Egg,Honey
frozenset({'Egg'}),frozenset({'Meat'}),0.1853448275862069,0.45989304812834225,1.1855020796197266,Egg,Meat
frozenset({'Egg'}),frozenset({'Milk'}),0.1788793103448276,0.44385026737967914,1.197363512000995,Egg,Milk
frozenset({'Egg'}),frozenset({'Olive'}),0.18318965517241378,0.45454545454545453,1.1915767847971237,Egg,Olive
frozenset({'Egg'}),frozenset({'Onion'}),0.17456896551724138,0.43315508021390375,1.14195430238211,Egg,Onion
frozenset({'Egg'}),frozenset({'Salt'}),0.1853448275862069,0.45989304812834225,1.1534614828732477,Egg,Salt
frozenset({'Egg'}),frozenset({'Shampoo'}),0.16810344827586207,0.41711229946524064,1.138471217363951,Egg,Shampoo
frozenset({'Egg'}),frozenset({'ShavingFoam'}),0.18318965517241378,0.45454545454545453,1.1218568665377175,Egg,ShavingFoam
frozenset({'Egg'}),frozenset({'Sugar'}),0.17025862068965517,0.42245989304812837,1.1530670022019505,Egg,Sugar
frozenset({'Egg'}),frozenset({'Toothpaste'}),0.1810344827586207,0.44919786096256686,1.1709427386889384,Egg,Toothpaste
frozenset({'Flour'}),frozenset({'Hazelnut'}),0.20043103448275862,0.5195530726256983,1.2362698753760204,Flour,Hazelnut
frozenset({'Flour'}),frozenset({'HeavyCream'}),0.16163793103448276,0.41899441340782123,1.007323356586679,Flour,HeavyCream
frozenset({'Flour'}),frozenset({'Honey'}),0.16810344827586207,0.43575418994413406,1.047616290850146,Flour,Honey
frozenset({'Flour'}),frozenset({'Meat'}),0.14870689655172414,0.3854748603351955,0.9936685288640595,Flour,Meat
frozenset({'Flour'}),frozenset({'Milk'}),0.16379310344827586,0.4245810055865922,1.145381317396388,Flour,Milk
frozenset({'Flour'}),frozenset({'Olive'}),0.15086206896551724,0.39106145251396646,1.0251554461383074,Flour,Olive
frozenset({'Flour'}),frozenset({'Onion'}),0.14655172413793102,0.37988826815642457,1.0015236160487557,Flour,Onion
frozenset({'Flour'}),frozenset({'Salt'}),0.15732758620689655,0.40782122905027934,1.0228597312396195,Flour,Salt
frozenset({'Flour'}),frozenset({'Shampoo'}),0.14870689655172414,0.3854748603351955,1.0521196187972395,Flour,Shampoo
frozenset({'Flour'}),frozenset({'ShavingFoam'}),0.15732758620689655,0.40782122905027934,1.0065375014857958,Flour,ShavingFoam
frozenset({'Flour'}),frozenset({'Sugar'}),0.14655172413793102,0.37988826815642457,1.0368715083798883,Flour,Sugar
frozenset({'Flour'}),frozenset({'Toothpaste'}),0.18318965517241378,0.4748603351955307,1.2378381771389115,Flour,Toothpaste
frozenset({'Hazelnut'}),frozenset({'HeavyCream'}),0.20905172413793102,0.49743589743589745,1.1959080643018467,Hazelnut,HeavyCream
frozenset({'Hazelnut'}),frozenset({'Honey'}),0.19181034482758622,0.4564102564102564,1.0972764713697356,Hazelnut,Honey
frozenset({'Hazelnut'}),frozenset({'Meat'}),0.19181034482758622,0.4564102564102564,1.1765242165242165,Hazelnut,Meat
frozenset({'Hazelnut'}),frozenset({'Milk'}),0.1810344827586207,0.4307692307692308,1.1620751341681574,Hazelnut,Milk
frozenset({'Hazelnut'}),frozenset({'Olive'}),0.1788793103448276,0.4256410256410256,1.1158047225843835,Hazelnut,Olive
frozenset({'Hazelnut'}),frozenset({'Onion'}),0.1810344827586207,0.4307692307692308,1.1356643356643359,Hazelnut,Onion
frozenset({'Hazelnut'}),frozenset({'Salt'}),0.18318965517241378,0.4358974358974359,1.0932778932778933,Hazelnut,Salt
frozenset({'Hazelnut'}),frozenset({'Shampoo'}),0.17456896551724138,0.4153846153846154,1.1337556561085973,Hazelnut,Shampoo
frozenset({'Hazelnut'}),frozenset({'ShavingFoam'}),0.19181034482758622,0.4564102564102564,1.1264593562465903,Hazelnut,ShavingFoam
frozenset({'Hazelnut'}),frozenset({'Sugar'}),0.1810344827586207,0.4307692307692308,1.1757466063348418,Hazelnut,Sugar
frozenset({'Hazelnut'}),frozenset({'Toothpaste'}),0.2025862068965517,0.48205128205128206,1.2565831172572746,Hazelnut,Toothpaste
frozenset({'HeavyCream'}),frozenset({'Honey'}),0.20474137931034483,0.49222797927461137,1.1833874734892211,HeavyCream,Honey
frozenset({'HeavyCream'}),frozenset({'Meat'}),0.1939655172413793,0.46632124352331605,1.2020725388601037,HeavyCream,Meat
frozenset({'HeavyCream'}),frozenset({'Milk'}),0.20689655172413793,0.49740932642487046,1.3418484154717434,HeavyCream,Milk
frozenset({'HeavyCream'}),frozenset({'Olive'}),0.17456896551724138,0.41968911917098445,1.1002019847194169,HeavyCream,Olive
frozenset({'HeavyCream'}),frozenset({'Onion'}),0.1810344827586207,0.43523316062176165,1.1474328780028262,HeavyCream,Onion
frozenset({'HeavyCream'}),frozenset({'Salt'}),0.20689655172413793,0.49740932642487046,1.2475563646548102,HeavyCream,Salt
frozenset({'HeavyCream'}),frozenset({'Shampoo'}),0.16810344827586207,0.40414507772020725,1.1030783297775069,HeavyCream,Shampoo
frozenset({'HeavyCream'}),frozenset({'ShavingFoam'}),0.19181034482758622,0.46113989637305697,1.138132510197332,HeavyCream,ShavingFoam
frozenset({'HeavyCream'}),frozenset({'Sugar'}),0.1810344827586207,0.43523316062176165,1.1879305089911614,HeavyCream,Sugar
frozenset({'HeavyCream'}),frozenset({'Toothpaste'}),0.19181034482758622,0.46113989637305697,1.2020725388601035,HeavyCream,Toothpaste
frozenset({'Honey'}),frozenset({'Meat'}),0.2025862068965517,0.48704663212435234,1.2554979850316639,Honey,Meat
frozenset({'Honey'}),frozenset({'Milk'}),0.17456896551724138,0.41968911917098445,1.1321846005542835,Honey,Milk
frozenset({'Honey'}),frozenset({'Olive'}),0.15948275862068967,0.38341968911917096,1.0051228008547757,Honey,Olive
frozenset({'Honey'}),frozenset({'Onion'}),0.17672413793103448,0.42487046632124353,1.1201130475741876,Honey,Onion
frozenset({'Honey'}),frozenset({'Salt'}),0.16810344827586207,0.40414507772020725,1.0136395462820333,Honey,Salt
frozenset({'Honey'}),frozenset({'Shampoo'}),0.1875,0.45077720207253885,1.2303565985979885,Honey,Shampoo
frozenset({'Honey'}),frozenset({'ShavingFoam'}),0.1875,0.45077720207253885,1.1125564987322236,Honey,ShavingFoam
frozenset({'Honey'}),frozenset({'Sugar'}),0.1724137931034483,0.41450777202072536,1.1313623895153917,Honey,Sugar
frozenset({'Honey'}),frozenset({'Toothpaste'}),0.1810344827586207,0.43523316062176165,1.1345403737556035,Honey,Toothpaste
frozenset({'Meat'}),frozenset({'Milk'}),0.15301724137931033,0.39444444444444443,1.0640826873385012,Meat,Milk
frozenset({'Meat'}),frozenset({'Olive'}),0.17025862068965517,0.4388888888888889,1.1505335844318894,Meat,Olive
frozenset({'Meat'}),frozenset({'Onion'}),0.1788793103448276,0.46111111111111114,1.2156565656565659,Meat,Onion
frozenset({'Meat'}),frozenset({'Salt'}),0.17456896551724138,0.45,1.1286486486486487,Meat,Salt
frozenset({'Meat'}),frozenset({'Shampoo'}),0.1788793103448276,0.46111111111111114,1.258562091503268,Meat,Shampoo
frozenset({'Meat'}),frozenset({'ShavingFoam'}),0.18318965517241378,0.4722222222222222,1.16548463356974,Meat,ShavingFoam
frozenset({'Meat'}),frozenset({'Sugar'}),0.1875,0.48333333333333334,1.31921568627451,Meat,Sugar
frozenset({'Meat'}),frozenset({'Toothpaste'}),0.16810344827586207,0.43333333333333335,1.1295880149812734,Meat,Toothpaste
frozenset({'Milk'}),frozenset({'Olive'}),0.16379310344827586,0.4418604651162791,1.1583234791748784,Milk,Olive
frozenset({'Milk'}),frozenset({'Onion'}),0.16810344827586207,0.45348837209302323,1.1955602536997885,Milk,Onion
frozenset({'Milk'}),frozenset({'Salt'}),0.14870689655172414,0.4011627906976744,1.0061596480201132,Milk,Salt
frozenset({'Milk'}),frozenset({'Shampoo'}),0.14655172413793102,0.3953488372093023,1.0790697674418606,Milk,Shampoo
frozenset({'Milk'}),frozenset({'ShavingFoam'}),0.14655172413793102,0.3953488372093023,0.9757545769421079,Milk,ShavingFoam
frozenset({'Milk'}),frozenset({'Sugar'}),0.14870689655172414,0.4011627906976744,1.094938440492476,Milk,Sugar
frozenset({'Milk'}),frozenset({'Toothpaste'}),0.17672413793103448,0.47674418604651164,1.2427488894695584,Milk,Toothpaste
frozenset({'Olive'}),frozenset({'Onion'}),0.17456896551724138,0.4576271186440678,1.2064714946070878,Olive,Onion
frozenset({'Olive'}),frozenset({'Salt'}),0.17456896551724138,0.4576271186440678,1.1477782867613375,Olive,Salt
frozenset({'Olive'}),frozenset({'Shampoo'}),0.15517241379310345,0.4067796610169492,1.110269192422732,Olive,Shampoo
frozenset({'Olive'}),frozenset({'ShavingFoam'}),0.1724137931034483,0.4519774011299435,1.115518692150499,Olive,ShavingFoam
frozenset({'Olive'}),frozenset({'Sugar'}),0.15732758620689655,0.4124293785310734,1.1256895978730475,Olive,Sugar
frozenset({'Olive'}),frozenset({'Toothpaste'}),0.17025862068965517,0.4463276836158192,1.1634609280771915,Olive,Toothpaste
frozenset({'Onion'}),frozenset({'Salt'}),0.1875,0.4943181818181818,1.2398034398034399,Onion,Salt
frozenset({'Onion'}),frozenset({'Shampoo'}),0.14870689655172414,0.39204545454545453,1.070053475935829,Onion,Shampoo
frozenset({'Onion'}),frozenset({'ShavingFoam'}),0.1896551724137931,0.5,1.2340425531914894,Onion,ShavingFoam
frozenset({'Onion'}),frozenset({'Sugar'}),0.16379310344827586,0.4318181818181818,1.1786096256684493,Onion,Sugar
frozenset({'Onion'}),frozenset({'Toothpaste'}),0.1939655172413793,0.5113636363636364,1.3329928498467822,Onion,Toothpaste
frozenset({'Salt'}),frozenset({'Shampoo'}),0.17456896551724138,0.43783783783783786,1.195039745627981,Salt,Shampoo
frozenset({'Salt'}),frozenset({'ShavingFoam'}),0.1875,0.4702702702702703,1.1606670500287524,Salt,ShavingFoam
frozenset({'Salt'}),frozenset({'Sugar'}),0.1875,0.4702702702702703,1.2835612082670909,Salt,Sugar
frozenset({'Salt'}),frozenset({'Toothpaste'}),0.1939655172413793,0.4864864864864865,1.2681445490434256,Salt,Toothpaste
frozenset({'Shampoo'}),frozenset({'ShavingFoam'}),0.16379310344827586,0.4470588235294118,1.1033792240300377,Shampoo,ShavingFoam
frozenset({'Shampoo'}),frozenset({'Sugar'}),0.15086206896551724,0.4117647058823529,1.1238754325259515,Shampoo,Sugar
frozenset({'Shampoo'}),frozenset({'Toothpaste'}),0.14655172413793102,0.4,1.0426966292134832,Shampoo,Toothpaste
frozenset({'ShavingFoam'}),frozenset({'Sugar'}),0.1788793103448276,0.44148936170212766,1.205006257822278,ShavingFoam,Sugar
frozenset({'ShavingFoam'}),frozenset({'Toothpaste'}),0.1875,0.4627659574468085,1.2063112598613435,ShavingFoam,Toothpaste
frozenset({'Sugar'}),frozenset({'Toothpaste'}),0.17456896551724138,0.4764705882352941,1.2420356906807666,Sugar,Toothpaste
